--
-- PostgreSQL database dump
--

-- Dumped from database version 15.2
-- Dumped by pg_dump version 15.2

SET statement_timeout = 0;
SET lock_timeout = 0;
SET idle_in_transaction_session_timeout = 0;
SET client_encoding = 'UTF8';
SET standard_conforming_strings = on;
SELECT pg_catalog.set_config('search_path', '', false);
SET check_function_bodies = false;
SET xmloption = content;
SET client_min_messages = warning;
SET row_security = off;

SET default_tablespace = '';

SET default_table_access_method = heap;

--
-- Name: api_category; Type: TABLE; Schema: public; Owner: arch
--

CREATE TABLE public.api_category (
    id integer NOT NULL,
    name character varying(255) NOT NULL
);


ALTER TABLE public.api_category OWNER TO arch;

--
-- Name: api_comment; Type: TABLE; Schema: public; Owner: arch
--

CREATE TABLE public.api_comment (
    id bigint NOT NULL,
    text text NOT NULL,
    created_at timestamp with time zone NOT NULL,
    product_id integer NOT NULL,
    user_id integer
);


ALTER TABLE public.api_comment OWNER TO arch;

--
-- Name: api_comment_id_seq; Type: SEQUENCE; Schema: public; Owner: arch
--

ALTER TABLE public.api_comment ALTER COLUMN id ADD GENERATED BY DEFAULT AS IDENTITY (
    SEQUENCE NAME public.api_comment_id_seq
    START WITH 1
    INCREMENT BY 1
    NO MINVALUE
    NO MAXVALUE
    CACHE 1
);


--
-- Name: api_order; Type: TABLE; Schema: public; Owner: arch
--

CREATE TABLE public.api_order (
    id bigint NOT NULL,
    total_price numeric(10,2) NOT NULL,
    created_at timestamp with time zone NOT NULL,
    user_id integer NOT NULL
);


ALTER TABLE public.api_order OWNER TO arch;

--
-- Name: api_order_id_seq; Type: SEQUENCE; Schema: public; Owner: arch
--

ALTER TABLE public.api_order ALTER COLUMN id ADD GENERATED BY DEFAULT AS IDENTITY (
    SEQUENCE NAME public.api_order_id_seq
    START WITH 1
    INCREMENT BY 1
    NO MINVALUE
    NO MAXVALUE
    CACHE 1
);


--
-- Name: api_orderitem; Type: TABLE; Schema: public; Owner: arch
--

CREATE TABLE public.api_orderitem (
    id bigint NOT NULL,
    quantity integer NOT NULL,
    order_id bigint NOT NULL,
    product_id integer NOT NULL,
    CONSTRAINT api_orderitem_quantity_check CHECK ((quantity >= 0))
);


ALTER TABLE public.api_orderitem OWNER TO arch;

--
-- Name: api_orderitem_id_seq; Type: SEQUENCE; Schema: public; Owner: arch
--

ALTER TABLE public.api_orderitem ALTER COLUMN id ADD GENERATED BY DEFAULT AS IDENTITY (
    SEQUENCE NAME public.api_orderitem_id_seq
    START WITH 1
    INCREMENT BY 1
    NO MINVALUE
    NO MAXVALUE
    CACHE 1
);


--
-- Name: api_product; Type: TABLE; Schema: public; Owner: arch
--

CREATE TABLE public.api_product (
    id integer NOT NULL,
    url character varying(255) NOT NULL,
    name character varying(255) NOT NULL,
    price double precision NOT NULL,
    description text NOT NULL,
    image_url character varying(255) NOT NULL,
    rating double precision NOT NULL,
    count integer NOT NULL
);


ALTER TABLE public.api_product OWNER TO arch;

--
-- Name: api_product_categories; Type: TABLE; Schema: public; Owner: arch
--

CREATE TABLE public.api_product_categories (
    id integer NOT NULL,
    product_id integer NOT NULL,
    category_id integer NOT NULL
);


ALTER TABLE public.api_product_categories OWNER TO arch;

--
-- Name: api_product_categories_id_seq; Type: SEQUENCE; Schema: public; Owner: arch
--

ALTER TABLE public.api_product_categories ALTER COLUMN id ADD GENERATED BY DEFAULT AS IDENTITY (
    SEQUENCE NAME public.api_product_categories_id_seq
    START WITH 1
    INCREMENT BY 1
    NO MINVALUE
    NO MAXVALUE
    CACHE 1
);


--
-- Name: auth_group; Type: TABLE; Schema: public; Owner: arch
--

CREATE TABLE public.auth_group (
    id integer NOT NULL,
    name character varying(150) NOT NULL
);


ALTER TABLE public.auth_group OWNER TO arch;

--
-- Name: auth_group_id_seq; Type: SEQUENCE; Schema: public; Owner: arch
--

ALTER TABLE public.auth_group ALTER COLUMN id ADD GENERATED BY DEFAULT AS IDENTITY (
    SEQUENCE NAME public.auth_group_id_seq
    START WITH 1
    INCREMENT BY 1
    NO MINVALUE
    NO MAXVALUE
    CACHE 1
);


--
-- Name: auth_group_permissions; Type: TABLE; Schema: public; Owner: arch
--

CREATE TABLE public.auth_group_permissions (
    id integer NOT NULL,
    group_id integer NOT NULL,
    permission_id integer NOT NULL
);


ALTER TABLE public.auth_group_permissions OWNER TO arch;

--
-- Name: auth_group_permissions_id_seq; Type: SEQUENCE; Schema: public; Owner: arch
--

ALTER TABLE public.auth_group_permissions ALTER COLUMN id ADD GENERATED BY DEFAULT AS IDENTITY (
    SEQUENCE NAME public.auth_group_permissions_id_seq
    START WITH 1
    INCREMENT BY 1
    NO MINVALUE
    NO MAXVALUE
    CACHE 1
);


--
-- Name: auth_permission; Type: TABLE; Schema: public; Owner: arch
--

CREATE TABLE public.auth_permission (
    id integer NOT NULL,
    name character varying(255) NOT NULL,
    content_type_id integer NOT NULL,
    codename character varying(100) NOT NULL
);


ALTER TABLE public.auth_permission OWNER TO arch;

--
-- Name: auth_permission_id_seq; Type: SEQUENCE; Schema: public; Owner: arch
--

ALTER TABLE public.auth_permission ALTER COLUMN id ADD GENERATED BY DEFAULT AS IDENTITY (
    SEQUENCE NAME public.auth_permission_id_seq
    START WITH 1
    INCREMENT BY 1
    NO MINVALUE
    NO MAXVALUE
    CACHE 1
);


--
-- Name: auth_user; Type: TABLE; Schema: public; Owner: arch
--

CREATE TABLE public.auth_user (
    id integer NOT NULL,
    password character varying(128) NOT NULL,
    last_login timestamp with time zone,
    is_superuser boolean NOT NULL,
    username character varying(150) NOT NULL,
    first_name character varying(150) NOT NULL,
    last_name character varying(150) NOT NULL,
    email character varying(254) NOT NULL,
    is_staff boolean NOT NULL,
    is_active boolean NOT NULL,
    date_joined timestamp with time zone NOT NULL
);


ALTER TABLE public.auth_user OWNER TO arch;

--
-- Name: auth_user_groups; Type: TABLE; Schema: public; Owner: arch
--

CREATE TABLE public.auth_user_groups (
    id integer NOT NULL,
    user_id integer NOT NULL,
    group_id integer NOT NULL
);


ALTER TABLE public.auth_user_groups OWNER TO arch;

--
-- Name: auth_user_groups_id_seq; Type: SEQUENCE; Schema: public; Owner: arch
--

ALTER TABLE public.auth_user_groups ALTER COLUMN id ADD GENERATED BY DEFAULT AS IDENTITY (
    SEQUENCE NAME public.auth_user_groups_id_seq
    START WITH 1
    INCREMENT BY 1
    NO MINVALUE
    NO MAXVALUE
    CACHE 1
);


--
-- Name: auth_user_id_seq; Type: SEQUENCE; Schema: public; Owner: arch
--

ALTER TABLE public.auth_user ALTER COLUMN id ADD GENERATED BY DEFAULT AS IDENTITY (
    SEQUENCE NAME public.auth_user_id_seq
    START WITH 1
    INCREMENT BY 1
    NO MINVALUE
    NO MAXVALUE
    CACHE 1
);


--
-- Name: auth_user_user_permissions; Type: TABLE; Schema: public; Owner: arch
--

CREATE TABLE public.auth_user_user_permissions (
    id integer NOT NULL,
    user_id integer NOT NULL,
    permission_id integer NOT NULL
);


ALTER TABLE public.auth_user_user_permissions OWNER TO arch;

--
-- Name: auth_user_user_permissions_id_seq; Type: SEQUENCE; Schema: public; Owner: arch
--

ALTER TABLE public.auth_user_user_permissions ALTER COLUMN id ADD GENERATED BY DEFAULT AS IDENTITY (
    SEQUENCE NAME public.auth_user_user_permissions_id_seq
    START WITH 1
    INCREMENT BY 1
    NO MINVALUE
    NO MAXVALUE
    CACHE 1
);


--
-- Name: authtoken_token; Type: TABLE; Schema: public; Owner: arch
--

CREATE TABLE public.authtoken_token (
    key character varying(40) NOT NULL,
    created timestamp with time zone NOT NULL,
    user_id integer NOT NULL
);


ALTER TABLE public.authtoken_token OWNER TO arch;

--
-- Name: django_admin_log; Type: TABLE; Schema: public; Owner: arch
--

CREATE TABLE public.django_admin_log (
    id integer NOT NULL,
    action_time timestamp with time zone NOT NULL,
    object_id text,
    object_repr character varying(200) NOT NULL,
    action_flag smallint NOT NULL,
    change_message text NOT NULL,
    content_type_id integer,
    user_id integer NOT NULL,
    CONSTRAINT django_admin_log_action_flag_check CHECK ((action_flag >= 0))
);


ALTER TABLE public.django_admin_log OWNER TO arch;

--
-- Name: django_admin_log_id_seq; Type: SEQUENCE; Schema: public; Owner: arch
--

ALTER TABLE public.django_admin_log ALTER COLUMN id ADD GENERATED BY DEFAULT AS IDENTITY (
    SEQUENCE NAME public.django_admin_log_id_seq
    START WITH 1
    INCREMENT BY 1
    NO MINVALUE
    NO MAXVALUE
    CACHE 1
);


--
-- Name: django_content_type; Type: TABLE; Schema: public; Owner: arch
--

CREATE TABLE public.django_content_type (
    id integer NOT NULL,
    app_label character varying(100) NOT NULL,
    model character varying(100) NOT NULL
);


ALTER TABLE public.django_content_type OWNER TO arch;

--
-- Name: django_content_type_id_seq; Type: SEQUENCE; Schema: public; Owner: arch
--

ALTER TABLE public.django_content_type ALTER COLUMN id ADD GENERATED BY DEFAULT AS IDENTITY (
    SEQUENCE NAME public.django_content_type_id_seq
    START WITH 1
    INCREMENT BY 1
    NO MINVALUE
    NO MAXVALUE
    CACHE 1
);


--
-- Name: django_migrations; Type: TABLE; Schema: public; Owner: arch
--

CREATE TABLE public.django_migrations (
    id integer NOT NULL,
    app character varying(255) NOT NULL,
    name character varying(255) NOT NULL,
    applied timestamp with time zone NOT NULL
);


ALTER TABLE public.django_migrations OWNER TO arch;

--
-- Name: django_migrations_id_seq; Type: SEQUENCE; Schema: public; Owner: arch
--

ALTER TABLE public.django_migrations ALTER COLUMN id ADD GENERATED BY DEFAULT AS IDENTITY (
    SEQUENCE NAME public.django_migrations_id_seq
    START WITH 1
    INCREMENT BY 1
    NO MINVALUE
    NO MAXVALUE
    CACHE 1
);


--
-- Name: django_session; Type: TABLE; Schema: public; Owner: arch
--

CREATE TABLE public.django_session (
    session_key character varying(40) NOT NULL,
    session_data text NOT NULL,
    expire_date timestamp with time zone NOT NULL
);


ALTER TABLE public.django_session OWNER TO arch;

--
-- Data for Name: api_category; Type: TABLE DATA; Schema: public; Owner: arch
--

COPY public.api_category (id, name) FROM stdin;
1	Beers
2	Beverages
3	Juice
4	Cocktail
5	Coffee
6	Lemonade
\.


--
-- Data for Name: api_comment; Type: TABLE DATA; Schema: public; Owner: arch
--

COPY public.api_comment (id, text, created_at, product_id, user_id) FROM stdin;
\.


--
-- Data for Name: api_order; Type: TABLE DATA; Schema: public; Owner: arch
--

COPY public.api_order (id, total_price, created_at, user_id) FROM stdin;
\.


--
-- Data for Name: api_orderitem; Type: TABLE DATA; Schema: public; Owner: arch
--

COPY public.api_orderitem (id, quantity, order_id, product_id) FROM stdin;
\.


--
-- Data for Name: api_product; Type: TABLE DATA; Schema: public; Owner: arch
--

COPY public.api_product (id, url, name, price, description, image_url, rating, count) FROM stdin;
1	https://web.telegram.org/k/#@justrandomletters	Ale	2000	Ale is a general category of beer: You'll find sub-categories like brown ales or pale ales. This is the oldest style of beer, which dates back to antiquity. What distinguishes an ale - and also makes this category of beer accessible for home brewers - is a warm-temperature fermentation for a relatively short period of time. In the brewing process, brewers introduce top-fermenting yeasts which, as the name suggests, ferment on the top of the brew. The fermentation process turns what would otherwise be a barley and malt tea into a boozy beverage.	Ale	4.3	10
2	https://web.telegram.org/k/#@justrandomletters	Lager	3000	Lagers are a newer style of beer with two key differences from ales. Lagers ferment for a long time at a low temperature, and they rely on bottom-fermenting yeasts, which sink to the bottom of the fermenting tank to do their magic.\r\n\r\nLagers are common among European countries, including Czechia, Germany, and the Netherlands, as well as in Canada, where they make up more than half of all beer sales.	Lager	3.8	10
3	https://www.instagram.com/az1tchhh/	Blonde Ale	1900	This easy drinking ale is a summer favorite, thanks to its light malt sweetness and trace of hops, which add aroma. As the name suggests, blonde ales have a pale color and a clear body. They tend to be crisp and dry, with few traces of bitterness, rather than hop-heavy or dank.	Blonde_Ale	4	14
4	https://www.instagram.com/az1tchhh/	Latte	1300	As the most popular coffee drink out there, the latte is comprised of a shot of espresso and steamed milk with just a touch of foam. It can be ordered plain or with a flavor shot of anything from vanilla to pumpkin spice	Latte	4.9	20
5	https://web.telegram.org/k/#@justrandomletters	Cappuccino	1450	Cappuccino is a latte made with more foam than steamed milk, often with a sprinkle of cocoa powder or cinnamon on top. Sometimes you can find variations that use cream instead of milk or ones that throw in flavor shot, as well.	Cappuccino	4.3	23
6	https://web.telegram.org/k/#@justrandomletters	Espresso	1300	An espresso shot can be served solo or used as the foundation of most coffee drinks, like lattes and macchiatos. If you’re an at-home barista, this Breville Bambino and espresso accessories will turn your house into your own coffee shop. Figure out how an espresso is different from coffee.\r\n\r\nAlways on the go? This portable espresso maker lets you brew your coffee without needing a power source, so you can take it with you wherever you need it!	Espresso	4.6	30
7	https://www.instagram.com/az1tchhh/	Red Eye	2000	Named after those pesky midnight flights, a red eye can cure any tiresome morning. A full cup of hot coffee with an espresso shot mixed in, this will definitely get your heart racing.	Red Eye	3.7	10
8	https://web.telegram.org/k/#@justrandomletters	Coca-Cola	400	Lorem ipsum dolor sit amet, consectetur adipiscing elit, sed do eiusmod tempor incididunt ut labore et dolore magna aliqua. Ut enim ad minim veniam, quis nostrud exercitation ullamco laboris nisi ut aliquip ex ea commodo consequat. Duis aute irure dolor in reprehenderit in voluptate velit esse cillum dolore eu fugiat nulla pariatur.	Coca-Cola	3.9	105
9	https://www.instagram.com/az1tchhh/	Fanta	400	Lorem ipsum dolor sit amet, consectetur adipiscing elit, sed do eiusmod tempor incididunt ut labore et dolore magna aliqua. Ut enim ad minim veniam, quis nostrud exercitation ullamco laboris nisi ut aliquip ex ea commodo consequat. Duis aute irure dolor in reprehenderit in voluptate velit esse cillum dolore eu fugiat nulla pariatur.	Fanta	3.9	100
10	https://web.telegram.org/k/#@justrandomletters	Sprite	400	Lorem ipsum dolor sit amet, consectetur adipiscing elit, sed do eiusmod tempor incididunt ut labore et dolore magna aliqua. Ut enim ad minim veniam, quis nostrud exercitation ullamco laboris nisi ut aliquip ex ea commodo consequat. Duis aute irure dolor in reprehenderit in voluptate velit esse cillum dolore eu fugiat nulla pariatur.	Sprite	4	100
11	https://www.instagram.com/az1tchhh/	Maxi tea	350	Lorem ipsum dolor sit amet, consectetur adipiscing elit, sed do eiusmod tempor incididunt ut labore et dolore magna aliqua. Ut enim ad minim veniam, quis nostrud exercitation ullamco laboris nisi ut aliquip ex ea commodo consequat. Duis aute irure dolor in reprehenderit in voluptate velit esse cillum dolore eu fugiat nulla pariatur.	Maxi tea	4.3	200
\.


--
-- Data for Name: api_product_categories; Type: TABLE DATA; Schema: public; Owner: arch
--

COPY public.api_product_categories (id, product_id, category_id) FROM stdin;
1	1	1
2	2	1
3	3	1
4	4	5
5	5	5
6	6	5
7	7	5
8	8	2
9	9	2
10	10	2
11	11	2
\.


--
-- Data for Name: auth_group; Type: TABLE DATA; Schema: public; Owner: arch
--

COPY public.auth_group (id, name) FROM stdin;
\.


--
-- Data for Name: auth_group_permissions; Type: TABLE DATA; Schema: public; Owner: arch
--

COPY public.auth_group_permissions (id, group_id, permission_id) FROM stdin;
\.


--
-- Data for Name: auth_permission; Type: TABLE DATA; Schema: public; Owner: arch
--

COPY public.auth_permission (id, name, content_type_id, codename) FROM stdin;
1	Can add log entry	1	add_logentry
2	Can change log entry	1	change_logentry
3	Can delete log entry	1	delete_logentry
4	Can view log entry	1	view_logentry
5	Can add permission	2	add_permission
6	Can change permission	2	change_permission
7	Can delete permission	2	delete_permission
8	Can view permission	2	view_permission
9	Can add group	3	add_group
10	Can change group	3	change_group
11	Can delete group	3	delete_group
12	Can view group	3	view_group
13	Can add user	4	add_user
14	Can change user	4	change_user
15	Can delete user	4	delete_user
16	Can view user	4	view_user
17	Can add content type	5	add_contenttype
18	Can change content type	5	change_contenttype
19	Can delete content type	5	delete_contenttype
20	Can view content type	5	view_contenttype
21	Can add session	6	add_session
22	Can change session	6	change_session
23	Can delete session	6	delete_session
24	Can view session	6	view_session
25	Can add Token	7	add_token
26	Can change Token	7	change_token
27	Can delete Token	7	delete_token
28	Can view Token	7	view_token
29	Can add token	8	add_tokenproxy
30	Can change token	8	change_tokenproxy
31	Can delete token	8	delete_tokenproxy
32	Can view token	8	view_tokenproxy
33	Can add category	9	add_category
34	Can change category	9	change_category
35	Can delete category	9	delete_category
36	Can view category	9	view_category
37	Can add product	10	add_product
38	Can change product	10	change_product
39	Can delete product	10	delete_product
40	Can view product	10	view_product
41	Can add comment	11	add_comment
42	Can change comment	11	change_comment
43	Can delete comment	11	delete_comment
44	Can view comment	11	view_comment
45	Can add order	12	add_order
46	Can change order	12	change_order
47	Can delete order	12	delete_order
48	Can view order	12	view_order
49	Can add order item	13	add_orderitem
50	Can change order item	13	change_orderitem
51	Can delete order item	13	delete_orderitem
52	Can view order item	13	view_orderitem
\.


--
-- Data for Name: auth_user; Type: TABLE DATA; Schema: public; Owner: arch
--

COPY public.auth_user (id, password, last_login, is_superuser, username, first_name, last_name, email, is_staff, is_active, date_joined) FROM stdin;
1	pbkdf2_sha256$600000$5xOdCEiyC8qRHRv5bIAwOk$7FZclT3jwzbMKMmXkkXxxN95zgcTwSWuoIDn5zPUvrw=	2023-04-27 18:27:28.005781+00	t	azama			azamatbazarbai007@gmail.com	t	t	2023-04-26 07:32:01.995118+00
\.


--
-- Data for Name: auth_user_groups; Type: TABLE DATA; Schema: public; Owner: arch
--

COPY public.auth_user_groups (id, user_id, group_id) FROM stdin;
\.


--
-- Data for Name: auth_user_user_permissions; Type: TABLE DATA; Schema: public; Owner: arch
--

COPY public.auth_user_user_permissions (id, user_id, permission_id) FROM stdin;
\.


--
-- Data for Name: authtoken_token; Type: TABLE DATA; Schema: public; Owner: arch
--

COPY public.authtoken_token (key, created, user_id) FROM stdin;
\.


--
-- Data for Name: django_admin_log; Type: TABLE DATA; Schema: public; Owner: arch
--

COPY public.django_admin_log (id, action_time, object_id, object_repr, action_flag, change_message, content_type_id, user_id) FROM stdin;
1	2023-04-26 07:53:25.569625+00	1	Beers	1	[{"added": {}}]	9	1
2	2023-04-26 07:53:38.887664+00	1	Ale	1	[{"added": {}}]	10	1
3	2023-04-26 09:13:31.891153+00	2	beverages	1	[{"added": {}}]	9	1
4	2023-04-26 09:13:45.785977+00	2	Beverages	2	[{"changed": {"fields": ["Name"]}}]	9	1
5	2023-04-26 10:29:46.700392+00	2	Lager	1	[{"added": {}}]	10	1
6	2023-04-26 11:53:44.009802+00	3	Blonde Ale	1	[{"added": {}}]	10	1
7	2023-04-26 11:55:01.196347+00	1	Ale	2	[{"changed": {"fields": ["Image url"]}}]	10	1
8	2023-04-26 11:55:06.574246+00	2	Lager	2	[{"changed": {"fields": ["Image url"]}}]	10	1
9	2023-04-26 11:55:16.044835+00	3	Blonde Ale	2	[{"changed": {"fields": ["Image url"]}}]	10	1
10	2023-04-26 11:57:29.114436+00	3	Juice	1	[{"added": {}}]	9	1
11	2023-04-26 11:58:02.358741+00	4	Cocktail	1	[{"added": {}}]	9	1
12	2023-04-26 11:58:08.906412+00	5	Coffee	1	[{"added": {}}]	9	1
13	2023-04-26 11:58:20.020295+00	6	Lemonade	1	[{"added": {}}]	9	1
14	2023-04-26 12:00:11.51558+00	4	Latte	1	[{"added": {}}]	10	1
15	2023-04-26 12:01:06.978526+00	5	Cappuccino	1	[{"added": {}}]	10	1
16	2023-04-26 12:01:42.928802+00	6	Espresso	1	[{"added": {}}]	10	1
17	2023-04-26 12:02:24.738531+00	7	Red Eye	1	[{"added": {}}]	10	1
18	2023-04-26 16:16:56.941013+00	8	Coca-Cola	1	[{"added": {}}]	10	1
19	2023-04-26 16:17:24.456915+00	9	Fanta	1	[{"added": {}}]	10	1
20	2023-04-26 16:17:56.469424+00	10	Sprite	1	[{"added": {}}]	10	1
21	2023-04-26 16:18:24.097781+00	11	Maxi tea	1	[{"added": {}}]	10	1
\.


--
-- Data for Name: django_content_type; Type: TABLE DATA; Schema: public; Owner: arch
--

COPY public.django_content_type (id, app_label, model) FROM stdin;
1	admin	logentry
2	auth	permission
3	auth	group
4	auth	user
5	contenttypes	contenttype
6	sessions	session
7	authtoken	token
8	authtoken	tokenproxy
9	api	category
10	api	product
11	api	comment
12	api	order
13	api	orderitem
\.


--
-- Data for Name: django_migrations; Type: TABLE DATA; Schema: public; Owner: arch
--

COPY public.django_migrations (id, app, name, applied) FROM stdin;
1	contenttypes	0001_initial	2023-04-26 07:31:13.954492+00
2	auth	0001_initial	2023-04-26 07:31:14.132727+00
3	admin	0001_initial	2023-04-26 07:31:14.175338+00
4	admin	0002_logentry_remove_auto_add	2023-04-26 07:31:14.184784+00
5	admin	0003_logentry_add_action_flag_choices	2023-04-26 07:31:14.19568+00
6	contenttypes	0002_remove_content_type_name	2023-04-26 07:31:14.21941+00
7	auth	0002_alter_permission_name_max_length	2023-04-26 07:31:14.232384+00
8	auth	0003_alter_user_email_max_length	2023-04-26 07:31:14.243037+00
9	auth	0004_alter_user_username_opts	2023-04-26 07:31:14.252213+00
10	auth	0005_alter_user_last_login_null	2023-04-26 07:31:14.264033+00
11	auth	0006_require_contenttypes_0002	2023-04-26 07:31:14.269658+00
12	auth	0007_alter_validators_add_error_messages	2023-04-26 07:31:14.278882+00
13	auth	0008_alter_user_username_max_length	2023-04-26 07:31:14.29633+00
14	auth	0009_alter_user_last_name_max_length	2023-04-26 07:31:14.30706+00
15	auth	0010_alter_group_name_max_length	2023-04-26 07:31:14.319264+00
16	auth	0011_update_proxy_permissions	2023-04-26 07:31:14.331959+00
17	auth	0012_alter_user_first_name_max_length	2023-04-26 07:31:14.345349+00
18	authtoken	0001_initial	2023-04-26 07:31:14.376358+00
19	authtoken	0002_auto_20160226_1747	2023-04-26 07:31:14.398985+00
20	authtoken	0003_tokenproxy	2023-04-26 07:31:14.405078+00
21	sessions	0001_initial	2023-04-26 07:31:14.43545+00
22	api	0001_initial	2023-04-26 07:36:58.189896+00
23	api	0002_alter_comment_user	2023-04-27 17:25:15.688769+00
\.


--
-- Data for Name: django_session; Type: TABLE DATA; Schema: public; Owner: arch
--

COPY public.django_session (session_key, session_data, expire_date) FROM stdin;
np7hopcselvvajvqvbjgkkdvfr7dsw5i	.eJxVjE0OwiAYBe_C2pBCgYJL956BfD8gVQNJaVfGu2uTLnT7Zua9RIRtLXHraYkzi7NQ4vS7IdAj1R3wHeqtSWp1XWaUuyIP2uW1cXpeDvfvoEAv35osZ2OJfHATatDAZiAgA45QZ4XgkNGD0sFYEwayhDRqb7KyaQxTFu8PDu04sw:1ps6L2:GYlQMSnOv4CB2HThQpFm6VONBP8A2UeicW8hv9pB190	2023-05-11 18:27:28.012659+00
\.


--
-- Name: api_comment_id_seq; Type: SEQUENCE SET; Schema: public; Owner: arch
--

SELECT pg_catalog.setval('public.api_comment_id_seq', 1, false);


--
-- Name: api_order_id_seq; Type: SEQUENCE SET; Schema: public; Owner: arch
--

SELECT pg_catalog.setval('public.api_order_id_seq', 1, false);


--
-- Name: api_orderitem_id_seq; Type: SEQUENCE SET; Schema: public; Owner: arch
--

SELECT pg_catalog.setval('public.api_orderitem_id_seq', 1, false);


--
-- Name: api_product_categories_id_seq; Type: SEQUENCE SET; Schema: public; Owner: arch
--

SELECT pg_catalog.setval('public.api_product_categories_id_seq', 11, true);


--
-- Name: auth_group_id_seq; Type: SEQUENCE SET; Schema: public; Owner: arch
--

SELECT pg_catalog.setval('public.auth_group_id_seq', 1, false);


--
-- Name: auth_group_permissions_id_seq; Type: SEQUENCE SET; Schema: public; Owner: arch
--

SELECT pg_catalog.setval('public.auth_group_permissions_id_seq', 1, false);


--
-- Name: auth_permission_id_seq; Type: SEQUENCE SET; Schema: public; Owner: arch
--

SELECT pg_catalog.setval('public.auth_permission_id_seq', 52, true);


--
-- Name: auth_user_groups_id_seq; Type: SEQUENCE SET; Schema: public; Owner: arch
--

SELECT pg_catalog.setval('public.auth_user_groups_id_seq', 1, false);


--
-- Name: auth_user_id_seq; Type: SEQUENCE SET; Schema: public; Owner: arch
--

SELECT pg_catalog.setval('public.auth_user_id_seq', 1, true);


--
-- Name: auth_user_user_permissions_id_seq; Type: SEQUENCE SET; Schema: public; Owner: arch
--

SELECT pg_catalog.setval('public.auth_user_user_permissions_id_seq', 1, false);


--
-- Name: django_admin_log_id_seq; Type: SEQUENCE SET; Schema: public; Owner: arch
--

SELECT pg_catalog.setval('public.django_admin_log_id_seq', 21, true);


--
-- Name: django_content_type_id_seq; Type: SEQUENCE SET; Schema: public; Owner: arch
--

SELECT pg_catalog.setval('public.django_content_type_id_seq', 13, true);


--
-- Name: django_migrations_id_seq; Type: SEQUENCE SET; Schema: public; Owner: arch
--

SELECT pg_catalog.setval('public.django_migrations_id_seq', 23, true);


--
-- Name: api_category api_category_pkey; Type: CONSTRAINT; Schema: public; Owner: arch
--

ALTER TABLE ONLY public.api_category
    ADD CONSTRAINT api_category_pkey PRIMARY KEY (id);


--
-- Name: api_comment api_comment_pkey; Type: CONSTRAINT; Schema: public; Owner: arch
--

ALTER TABLE ONLY public.api_comment
    ADD CONSTRAINT api_comment_pkey PRIMARY KEY (id);


--
-- Name: api_order api_order_pkey; Type: CONSTRAINT; Schema: public; Owner: arch
--

ALTER TABLE ONLY public.api_order
    ADD CONSTRAINT api_order_pkey PRIMARY KEY (id);


--
-- Name: api_orderitem api_orderitem_pkey; Type: CONSTRAINT; Schema: public; Owner: arch
--

ALTER TABLE ONLY public.api_orderitem
    ADD CONSTRAINT api_orderitem_pkey PRIMARY KEY (id);


--
-- Name: api_product_categories api_product_categories_pkey; Type: CONSTRAINT; Schema: public; Owner: arch
--

ALTER TABLE ONLY public.api_product_categories
    ADD CONSTRAINT api_product_categories_pkey PRIMARY KEY (id);


--
-- Name: api_product_categories api_product_categories_product_id_category_id_bac4732a_uniq; Type: CONSTRAINT; Schema: public; Owner: arch
--

ALTER TABLE ONLY public.api_product_categories
    ADD CONSTRAINT api_product_categories_product_id_category_id_bac4732a_uniq UNIQUE (product_id, category_id);


--
-- Name: api_product api_product_pkey; Type: CONSTRAINT; Schema: public; Owner: arch
--

ALTER TABLE ONLY public.api_product
    ADD CONSTRAINT api_product_pkey PRIMARY KEY (id);


--
-- Name: auth_group auth_group_name_key; Type: CONSTRAINT; Schema: public; Owner: arch
--

ALTER TABLE ONLY public.auth_group
    ADD CONSTRAINT auth_group_name_key UNIQUE (name);


--
-- Name: auth_group_permissions auth_group_permissions_group_id_permission_id_0cd325b0_uniq; Type: CONSTRAINT; Schema: public; Owner: arch
--

ALTER TABLE ONLY public.auth_group_permissions
    ADD CONSTRAINT auth_group_permissions_group_id_permission_id_0cd325b0_uniq UNIQUE (group_id, permission_id);


--
-- Name: auth_group_permissions auth_group_permissions_pkey; Type: CONSTRAINT; Schema: public; Owner: arch
--

ALTER TABLE ONLY public.auth_group_permissions
    ADD CONSTRAINT auth_group_permissions_pkey PRIMARY KEY (id);


--
-- Name: auth_group auth_group_pkey; Type: CONSTRAINT; Schema: public; Owner: arch
--

ALTER TABLE ONLY public.auth_group
    ADD CONSTRAINT auth_group_pkey PRIMARY KEY (id);


--
-- Name: auth_permission auth_permission_content_type_id_codename_01ab375a_uniq; Type: CONSTRAINT; Schema: public; Owner: arch
--

ALTER TABLE ONLY public.auth_permission
    ADD CONSTRAINT auth_permission_content_type_id_codename_01ab375a_uniq UNIQUE (content_type_id, codename);


--
-- Name: auth_permission auth_permission_pkey; Type: CONSTRAINT; Schema: public; Owner: arch
--

ALTER TABLE ONLY public.auth_permission
    ADD CONSTRAINT auth_permission_pkey PRIMARY KEY (id);


--
-- Name: auth_user_groups auth_user_groups_pkey; Type: CONSTRAINT; Schema: public; Owner: arch
--

ALTER TABLE ONLY public.auth_user_groups
    ADD CONSTRAINT auth_user_groups_pkey PRIMARY KEY (id);


--
-- Name: auth_user_groups auth_user_groups_user_id_group_id_94350c0c_uniq; Type: CONSTRAINT; Schema: public; Owner: arch
--

ALTER TABLE ONLY public.auth_user_groups
    ADD CONSTRAINT auth_user_groups_user_id_group_id_94350c0c_uniq UNIQUE (user_id, group_id);


--
-- Name: auth_user auth_user_pkey; Type: CONSTRAINT; Schema: public; Owner: arch
--

ALTER TABLE ONLY public.auth_user
    ADD CONSTRAINT auth_user_pkey PRIMARY KEY (id);


--
-- Name: auth_user_user_permissions auth_user_user_permissions_pkey; Type: CONSTRAINT; Schema: public; Owner: arch
--

ALTER TABLE ONLY public.auth_user_user_permissions
    ADD CONSTRAINT auth_user_user_permissions_pkey PRIMARY KEY (id);


--
-- Name: auth_user_user_permissions auth_user_user_permissions_user_id_permission_id_14a6b632_uniq; Type: CONSTRAINT; Schema: public; Owner: arch
--

ALTER TABLE ONLY public.auth_user_user_permissions
    ADD CONSTRAINT auth_user_user_permissions_user_id_permission_id_14a6b632_uniq UNIQUE (user_id, permission_id);


--
-- Name: auth_user auth_user_username_key; Type: CONSTRAINT; Schema: public; Owner: arch
--

ALTER TABLE ONLY public.auth_user
    ADD CONSTRAINT auth_user_username_key UNIQUE (username);


--
-- Name: authtoken_token authtoken_token_pkey; Type: CONSTRAINT; Schema: public; Owner: arch
--

ALTER TABLE ONLY public.authtoken_token
    ADD CONSTRAINT authtoken_token_pkey PRIMARY KEY (key);


--
-- Name: authtoken_token authtoken_token_user_id_key; Type: CONSTRAINT; Schema: public; Owner: arch
--

ALTER TABLE ONLY public.authtoken_token
    ADD CONSTRAINT authtoken_token_user_id_key UNIQUE (user_id);


--
-- Name: django_admin_log django_admin_log_pkey; Type: CONSTRAINT; Schema: public; Owner: arch
--

ALTER TABLE ONLY public.django_admin_log
    ADD CONSTRAINT django_admin_log_pkey PRIMARY KEY (id);


--
-- Name: django_content_type django_content_type_app_label_model_76bd3d3b_uniq; Type: CONSTRAINT; Schema: public; Owner: arch
--

ALTER TABLE ONLY public.django_content_type
    ADD CONSTRAINT django_content_type_app_label_model_76bd3d3b_uniq UNIQUE (app_label, model);


--
-- Name: django_content_type django_content_type_pkey; Type: CONSTRAINT; Schema: public; Owner: arch
--

ALTER TABLE ONLY public.django_content_type
    ADD CONSTRAINT django_content_type_pkey PRIMARY KEY (id);


--
-- Name: django_migrations django_migrations_pkey; Type: CONSTRAINT; Schema: public; Owner: arch
--

ALTER TABLE ONLY public.django_migrations
    ADD CONSTRAINT django_migrations_pkey PRIMARY KEY (id);


--
-- Name: django_session django_session_pkey; Type: CONSTRAINT; Schema: public; Owner: arch
--

ALTER TABLE ONLY public.django_session
    ADD CONSTRAINT django_session_pkey PRIMARY KEY (session_key);


--
-- Name: api_comment_product_id_3f9edb96; Type: INDEX; Schema: public; Owner: arch
--

CREATE INDEX api_comment_product_id_3f9edb96 ON public.api_comment USING btree (product_id);


--
-- Name: api_comment_user_id_14315666; Type: INDEX; Schema: public; Owner: arch
--

CREATE INDEX api_comment_user_id_14315666 ON public.api_comment USING btree (user_id);


--
-- Name: api_order_user_id_52781ff0; Type: INDEX; Schema: public; Owner: arch
--

CREATE INDEX api_order_user_id_52781ff0 ON public.api_order USING btree (user_id);


--
-- Name: api_orderitem_order_id_f9c0afc0; Type: INDEX; Schema: public; Owner: arch
--

CREATE INDEX api_orderitem_order_id_f9c0afc0 ON public.api_orderitem USING btree (order_id);


--
-- Name: api_orderitem_product_id_afd9cdd0; Type: INDEX; Schema: public; Owner: arch
--

CREATE INDEX api_orderitem_product_id_afd9cdd0 ON public.api_orderitem USING btree (product_id);


--
-- Name: api_product_categories_category_id_8dec49c0; Type: INDEX; Schema: public; Owner: arch
--

CREATE INDEX api_product_categories_category_id_8dec49c0 ON public.api_product_categories USING btree (category_id);


--
-- Name: api_product_categories_product_id_50821535; Type: INDEX; Schema: public; Owner: arch
--

CREATE INDEX api_product_categories_product_id_50821535 ON public.api_product_categories USING btree (product_id);


--
-- Name: auth_group_name_a6ea08ec_like; Type: INDEX; Schema: public; Owner: arch
--

CREATE INDEX auth_group_name_a6ea08ec_like ON public.auth_group USING btree (name varchar_pattern_ops);


--
-- Name: auth_group_permissions_group_id_b120cbf9; Type: INDEX; Schema: public; Owner: arch
--

CREATE INDEX auth_group_permissions_group_id_b120cbf9 ON public.auth_group_permissions USING btree (group_id);


--
-- Name: auth_group_permissions_permission_id_84c5c92e; Type: INDEX; Schema: public; Owner: arch
--

CREATE INDEX auth_group_permissions_permission_id_84c5c92e ON public.auth_group_permissions USING btree (permission_id);


--
-- Name: auth_permission_content_type_id_2f476e4b; Type: INDEX; Schema: public; Owner: arch
--

CREATE INDEX auth_permission_content_type_id_2f476e4b ON public.auth_permission USING btree (content_type_id);


--
-- Name: auth_user_groups_group_id_97559544; Type: INDEX; Schema: public; Owner: arch
--

CREATE INDEX auth_user_groups_group_id_97559544 ON public.auth_user_groups USING btree (group_id);


--
-- Name: auth_user_groups_user_id_6a12ed8b; Type: INDEX; Schema: public; Owner: arch
--

CREATE INDEX auth_user_groups_user_id_6a12ed8b ON public.auth_user_groups USING btree (user_id);


--
-- Name: auth_user_user_permissions_permission_id_1fbb5f2c; Type: INDEX; Schema: public; Owner: arch
--

CREATE INDEX auth_user_user_permissions_permission_id_1fbb5f2c ON public.auth_user_user_permissions USING btree (permission_id);


--
-- Name: auth_user_user_permissions_user_id_a95ead1b; Type: INDEX; Schema: public; Owner: arch
--

CREATE INDEX auth_user_user_permissions_user_id_a95ead1b ON public.auth_user_user_permissions USING btree (user_id);


--
-- Name: auth_user_username_6821ab7c_like; Type: INDEX; Schema: public; Owner: arch
--

CREATE INDEX auth_user_username_6821ab7c_like ON public.auth_user USING btree (username varchar_pattern_ops);


--
-- Name: authtoken_token_key_10f0b77e_like; Type: INDEX; Schema: public; Owner: arch
--

CREATE INDEX authtoken_token_key_10f0b77e_like ON public.authtoken_token USING btree (key varchar_pattern_ops);


--
-- Name: django_admin_log_content_type_id_c4bce8eb; Type: INDEX; Schema: public; Owner: arch
--

CREATE INDEX django_admin_log_content_type_id_c4bce8eb ON public.django_admin_log USING btree (content_type_id);


--
-- Name: django_admin_log_user_id_c564eba6; Type: INDEX; Schema: public; Owner: arch
--

CREATE INDEX django_admin_log_user_id_c564eba6 ON public.django_admin_log USING btree (user_id);


--
-- Name: django_session_expire_date_a5c62663; Type: INDEX; Schema: public; Owner: arch
--

CREATE INDEX django_session_expire_date_a5c62663 ON public.django_session USING btree (expire_date);


--
-- Name: django_session_session_key_c0390e0f_like; Type: INDEX; Schema: public; Owner: arch
--

CREATE INDEX django_session_session_key_c0390e0f_like ON public.django_session USING btree (session_key varchar_pattern_ops);


--
-- Name: api_comment api_comment_product_id_3f9edb96_fk_api_product_id; Type: FK CONSTRAINT; Schema: public; Owner: arch
--

ALTER TABLE ONLY public.api_comment
    ADD CONSTRAINT api_comment_product_id_3f9edb96_fk_api_product_id FOREIGN KEY (product_id) REFERENCES public.api_product(id) DEFERRABLE INITIALLY DEFERRED;


--
-- Name: api_comment api_comment_user_id_14315666_fk_auth_user_id; Type: FK CONSTRAINT; Schema: public; Owner: arch
--

ALTER TABLE ONLY public.api_comment
    ADD CONSTRAINT api_comment_user_id_14315666_fk_auth_user_id FOREIGN KEY (user_id) REFERENCES public.auth_user(id) DEFERRABLE INITIALLY DEFERRED;


--
-- Name: api_order api_order_user_id_52781ff0_fk_auth_user_id; Type: FK CONSTRAINT; Schema: public; Owner: arch
--

ALTER TABLE ONLY public.api_order
    ADD CONSTRAINT api_order_user_id_52781ff0_fk_auth_user_id FOREIGN KEY (user_id) REFERENCES public.auth_user(id) DEFERRABLE INITIALLY DEFERRED;


--
-- Name: api_orderitem api_orderitem_order_id_f9c0afc0_fk_api_order_id; Type: FK CONSTRAINT; Schema: public; Owner: arch
--

ALTER TABLE ONLY public.api_orderitem
    ADD CONSTRAINT api_orderitem_order_id_f9c0afc0_fk_api_order_id FOREIGN KEY (order_id) REFERENCES public.api_order(id) DEFERRABLE INITIALLY DEFERRED;


--
-- Name: api_orderitem api_orderitem_product_id_afd9cdd0_fk_api_product_id; Type: FK CONSTRAINT; Schema: public; Owner: arch
--

ALTER TABLE ONLY public.api_orderitem
    ADD CONSTRAINT api_orderitem_product_id_afd9cdd0_fk_api_product_id FOREIGN KEY (product_id) REFERENCES public.api_product(id) DEFERRABLE INITIALLY DEFERRED;


--
-- Name: api_product_categories api_product_categories_category_id_8dec49c0_fk_api_category_id; Type: FK CONSTRAINT; Schema: public; Owner: arch
--

ALTER TABLE ONLY public.api_product_categories
    ADD CONSTRAINT api_product_categories_category_id_8dec49c0_fk_api_category_id FOREIGN KEY (category_id) REFERENCES public.api_category(id) DEFERRABLE INITIALLY DEFERRED;


--
-- Name: api_product_categories api_product_categories_product_id_50821535_fk_api_product_id; Type: FK CONSTRAINT; Schema: public; Owner: arch
--

ALTER TABLE ONLY public.api_product_categories
    ADD CONSTRAINT api_product_categories_product_id_50821535_fk_api_product_id FOREIGN KEY (product_id) REFERENCES public.api_product(id) DEFERRABLE INITIALLY DEFERRED;


--
-- Name: auth_group_permissions auth_group_permissio_permission_id_84c5c92e_fk_auth_perm; Type: FK CONSTRAINT; Schema: public; Owner: arch
--

ALTER TABLE ONLY public.auth_group_permissions
    ADD CONSTRAINT auth_group_permissio_permission_id_84c5c92e_fk_auth_perm FOREIGN KEY (permission_id) REFERENCES public.auth_permission(id) DEFERRABLE INITIALLY DEFERRED;


--
-- Name: auth_group_permissions auth_group_permissions_group_id_b120cbf9_fk_auth_group_id; Type: FK CONSTRAINT; Schema: public; Owner: arch
--

ALTER TABLE ONLY public.auth_group_permissions
    ADD CONSTRAINT auth_group_permissions_group_id_b120cbf9_fk_auth_group_id FOREIGN KEY (group_id) REFERENCES public.auth_group(id) DEFERRABLE INITIALLY DEFERRED;


--
-- Name: auth_permission auth_permission_content_type_id_2f476e4b_fk_django_co; Type: FK CONSTRAINT; Schema: public; Owner: arch
--

ALTER TABLE ONLY public.auth_permission
    ADD CONSTRAINT auth_permission_content_type_id_2f476e4b_fk_django_co FOREIGN KEY (content_type_id) REFERENCES public.django_content_type(id) DEFERRABLE INITIALLY DEFERRED;


--
-- Name: auth_user_groups auth_user_groups_group_id_97559544_fk_auth_group_id; Type: FK CONSTRAINT; Schema: public; Owner: arch
--

ALTER TABLE ONLY public.auth_user_groups
    ADD CONSTRAINT auth_user_groups_group_id_97559544_fk_auth_group_id FOREIGN KEY (group_id) REFERENCES public.auth_group(id) DEFERRABLE INITIALLY DEFERRED;


--
-- Name: auth_user_groups auth_user_groups_user_id_6a12ed8b_fk_auth_user_id; Type: FK CONSTRAINT; Schema: public; Owner: arch
--

ALTER TABLE ONLY public.auth_user_groups
    ADD CONSTRAINT auth_user_groups_user_id_6a12ed8b_fk_auth_user_id FOREIGN KEY (user_id) REFERENCES public.auth_user(id) DEFERRABLE INITIALLY DEFERRED;


--
-- Name: auth_user_user_permissions auth_user_user_permi_permission_id_1fbb5f2c_fk_auth_perm; Type: FK CONSTRAINT; Schema: public; Owner: arch
--

ALTER TABLE ONLY public.auth_user_user_permissions
    ADD CONSTRAINT auth_user_user_permi_permission_id_1fbb5f2c_fk_auth_perm FOREIGN KEY (permission_id) REFERENCES public.auth_permission(id) DEFERRABLE INITIALLY DEFERRED;


--
-- Name: auth_user_user_permissions auth_user_user_permissions_user_id_a95ead1b_fk_auth_user_id; Type: FK CONSTRAINT; Schema: public; Owner: arch
--

ALTER TABLE ONLY public.auth_user_user_permissions
    ADD CONSTRAINT auth_user_user_permissions_user_id_a95ead1b_fk_auth_user_id FOREIGN KEY (user_id) REFERENCES public.auth_user(id) DEFERRABLE INITIALLY DEFERRED;


--
-- Name: authtoken_token authtoken_token_user_id_35299eff_fk_auth_user_id; Type: FK CONSTRAINT; Schema: public; Owner: arch
--

ALTER TABLE ONLY public.authtoken_token
    ADD CONSTRAINT authtoken_token_user_id_35299eff_fk_auth_user_id FOREIGN KEY (user_id) REFERENCES public.auth_user(id) DEFERRABLE INITIALLY DEFERRED;


--
-- Name: django_admin_log django_admin_log_content_type_id_c4bce8eb_fk_django_co; Type: FK CONSTRAINT; Schema: public; Owner: arch
--

ALTER TABLE ONLY public.django_admin_log
    ADD CONSTRAINT django_admin_log_content_type_id_c4bce8eb_fk_django_co FOREIGN KEY (content_type_id) REFERENCES public.django_content_type(id) DEFERRABLE INITIALLY DEFERRED;


--
-- Name: django_admin_log django_admin_log_user_id_c564eba6_fk_auth_user_id; Type: FK CONSTRAINT; Schema: public; Owner: arch
--

ALTER TABLE ONLY public.django_admin_log
    ADD CONSTRAINT django_admin_log_user_id_c564eba6_fk_auth_user_id FOREIGN KEY (user_id) REFERENCES public.auth_user(id) DEFERRABLE INITIALLY DEFERRED;


--
-- PostgreSQL database dump complete
--

